scenario,strategy,n_client1,n_client2,final_map50,final_map,final_mar100,last3_map50,best_map50,best_round,round_map50_ge_0.3,final_loss_c1,final_loss_c2,time_min
iid_equal,fedavg,350,350,0.3759,0.1708,0.3559,0.379,0.3949,7,3,0.6897,0.7034,28.2
iid_equal,fedadam,350,350,0.3357,0.1412,0.2987,0.3443,0.3903,7,5,0.8462,0.9112,14.0
iid_equal,fedprox,350,350,0.3633,0.1707,0.3644,0.3656,0.3961,7,4,0.6896,0.7221,15.9
unequal_balanced,fedavg,525,175,0.3498,0.1584,0.3356,0.3785,0.4034,7,3,0.6119,0.8919,15.9
unequal_balanced,fedadam,525,175,0.3518,0.1615,0.3118,0.3477,0.3554,9,4,0.8171,1.1672,28.9
unequal_balanced,fedprox,525,175,0.3973,0.1712,0.3491,0.3919,0.3977,8,3,0.6074,0.8784,13.3
unequal_imbalanced,fedavg,450,250,0.3809,0.1872,0.3602,0.3761,0.3816,8,4,0.6462,0.7501,13.2
unequal_imbalanced,fedadam,450,250,0.3397,0.1569,0.3294,0.3516,0.3616,9,4,0.8586,0.9544,13.0
unequal_imbalanced,fedprox,450,250,0.371,0.1686,0.3523,0.3689,0.3752,9,4,0.6664,0.761,13.4
missing_classes,fedavg,350,350,0.3534,0.1737,0.3537,0.3579,0.3671,8,4,0.6964,0.7088,13.3
missing_classes,fedadam,350,350,0.343,0.1532,0.3202,0.347,0.3529,5,5,0.8858,0.8084,12.9
missing_classes,fedprox,350,350,0.356,0.1667,0.3387,0.3624,0.3719,8,3,0.6957,0.7036,13.4
all_data,centralized,,,0.4043,0.1853,0.3501,0.3843,0.4043,,,,,
